id,name
alexhking,"Alexander King"
arv,"Erik Arvidsson"
aboodman,"Aaron Boodman"
tristanls,"Tristan Slominski"
cesara,"Cesar Alaestante"
tantaman,"Matt Wonlaw"
arielpollack,"Ariel Pollack"
ocooper,"Ofir Cooper"
grgbkr,"Greg Baker"
sboodman,"Susan Boodman"
noamackerman,"noamackerman"
tom-ka,"tom katz"
darkgnotic,"Darick Tong"
rocicorp-reflect-services,"rocicorp-reflect-services"
jesseditson,"Jesse Ditson"
phritz,"Fritz Schneider"
ingar,"Ingar Shu"
jamischarles,"Jamis Charles"
linear[bot],"Linear Bot"
pcorpet,"Pascal Corpet"
KeKs0r,"Marc Höffl"